{
  "complaint_count": {
    "mean": 1.4546367592902578,
    "std": 3.0203930272638275
  },
  "sanction_count": {
    "mean": 1.1459658520254437,
    "std": 1.9100992642010628
  },
  "fine_amount": {
    "mean": 3003.3467124204885,
    "std": 10648.77073458794
  },
  "deficiencies_total": {
    "mean": 7.678272514228323,
    "std": 9.077655230084499
  },
  "deficiency_class1": {
    "mean": 0.10311349179779042,
    "std": 0.5323559852381188
  },
  "deficiency_class2": {
    "mean": 0.3371275527284901,
    "std": 1.0019259007114985
  },
  "deficiency_class3": {
    "mean": 6.412119183126883,
    "std": 7.5330413346817435
  },
  "deficiency_class4": {
    "mean": 0.18245731503180448,
    "std": 0.6046151935347555
  },
  "activities_count": {
    "mean": 7.093156574704407,
    "std": 2.483910901340496
  },
  "nurse_availability_count": {
    "mean": 1.1294885745375407,
    "std": 0.3953524354528097
  },
  "special_programs_count": {
    "mean": 2.986495611073599,
    "std": 1.8610026925749639
  },
  "licensed_capacity": {
    "mean": 30.330495981739503,
    "std": 54.01354771831283
  }
}