{
  "raw": {
    "complaints": {
      "overall": {
        "label": "CMS Overall",
        "n": 14608,
        "sw": {
          "pearson": 0.5968190441308985,
          "spearman": 0.587101291203806
        },
        "alt": {
          "pearson": 0.41370236433679347,
          "spearman": 0.5980949661246933
        }
      },
      "inspect": {
        "label": "CMS Health Inspection",
        "n": 14608,
        "sw": {
          "pearson": 0.5968190441308985,
          "spearman": 0.587101291203806
        },
        "alt": {
          "pearson": 0.4407391170888093,
          "spearman": 0.612340203997598
        }
      },
      "staffing": {
        "label": "CMS Staffing",
        "n": 14535,
        "sw": {
          "pearson": 0.5960752450268073,
          "spearman": 0.5859540027386717
        },
        "alt": {
          "pearson": 0.24797598721332745,
          "spearman": 0.4560881581530388
        }
      },
      "quality": {
        "label": "CMS Quality Measures",
        "n": 14491,
        "sw": {
          "pearson": 0.5963762734402627,
          "spearman": 0.5870633731879302
        },
        "alt": {
          "pearson": 0.07327788348608559,
          "spearman": 0.3402706329532038
        }
      }
    },
    "incidents": {
      "overall": {
        "label": "CMS Overall",
        "n": 14608,
        "sw": {
          "pearson": 0.4918302411523675,
          "spearman": 0.4841858665083868
        },
        "alt": {
          "pearson": 0.28587768734740815,
          "spearman": 0.5271382250741307
        }
      },
      "inspect": {
        "label": "CMS Health Inspection",
        "n": 14608,
        "sw": {
          "pearson": 0.4918302411523675,
          "spearman": 0.4841858665083868
        },
        "alt": {
          "pearson": 0.3181407080302676,
          "spearman": 0.5451712442164127
        }
      },
      "staffing": {
        "label": "CMS Staffing",
        "n": 14535,
        "sw": {
          "pearson": 0.49186704300342415,
          "spearman": 0.48446855221626817
        },
        "alt": {
          "pearson": 0.07100252074622433,
          "spearman": 0.3844718941609857
        }
      },
      "quality": {
        "label": "CMS Quality Measures",
        "n": 14491,
        "sw": {
          "pearson": 0.49377398668144734,
          "spearman": 0.4838461348799744
        },
        "alt": {
          "pearson": 0.06499742890852762,
          "spearman": 0.4819025859689844
        }
      }
    }
  },
  "per100": {
    "complaints": {
      "overall": {
        "label": "CMS Overall",
        "n": 14608,
        "sw": {
          "pearson": 0.5792281621342963,
          "spearman": 0.6253060659617256
        },
        "alt": {
          "pearson": 0.36306205122709617,
          "spearman": 0.5564134025902614
        }
      },
      "inspect": {
        "label": "CMS Health Inspection",
        "n": 14608,
        "sw": {
          "pearson": 0.5792281621342963,
          "spearman": 0.6253060659617256
        },
        "alt": {
          "pearson": 0.3901142311144706,
          "spearman": 0.5693939802281012
        }
      },
      "staffing": {
        "label": "CMS Staffing",
        "n": 14535,
        "sw": {
          "pearson": 0.5785040184988228,
          "spearman": 0.6243977506087355
        },
        "alt": {
          "pearson": 0.19806355550456803,
          "spearman": 0.4088436123446979
        }
      },
      "quality": {
        "label": "CMS Quality Measures",
        "n": 14491,
        "sw": {
          "pearson": 0.5849264232522368,
          "spearman": 0.6249276187457127
        },
        "alt": {
          "pearson": 0.05966208638066354,
          "spearman": 0.3211205660691536
        }
      }
    },
    "incidents": {
      "overall": {
        "label": "CMS Overall",
        "n": 14608,
        "sw": {
          "pearson": 0.4782468446977448,
          "spearman": 0.5303749653813863
        },
        "alt": {
          "pearson": 0.23194089538391843,
          "spearman": 0.5108436139166841
        }
      },
      "inspect": {
        "label": "CMS Health Inspection",
        "n": 14608,
        "sw": {
          "pearson": 0.4782468446977448,
          "spearman": 0.5303749653813863
        },
        "alt": {
          "pearson": 0.260133563035789,
          "spearman": 0.5276754414831993
        }
      },
      "staffing": {
        "label": "CMS Staffing",
        "n": 14535,
        "sw": {
          "pearson": 0.47934591200240884,
          "spearman": 0.5311240344419568
        },
        "alt": {
          "pearson": 0.02454652388364288,
          "spearman": 0.372362146481484
        }
      },
      "quality": {
        "label": "CMS Quality Measures",
        "n": 14491,
        "sw": {
          "pearson": 0.49825801675139825,
          "spearman": 0.5295526051602049
        },
        "alt": {
          "pearson": 0.06665121872046553,
          "spearman": 0.4975730298944422
        }
      }
    }
  },
  "deciles": {
    "raw": {
      "complaints": [
        25.808265582655828,
        12.032542372881355,
        6.777777777777778,
        4.853179972936401,
        3.920570264765784,
        3.071283095723014,
        2.6415989159891597,
        2.1275440976933515,
        1.6869918699186992,
        0.9796610169491525
      ],
      "incidents": [
        7.985094850948509,
        3.5959322033898307,
        2.3048780487804876,
        1.63531799729364,
        1.3217922606924644,
        1.0488798370672099,
        0.9512195121951219,
        0.723202170963365,
        0.494579945799458,
        0.36406779661016947
      ]
    },
    "per100": {
      "complaints": [
        24.816242494892165,
        11.521956847686997,
        6.51919209803961,
        4.585339142643533,
        3.749602237160898,
        2.8981321544646086,
        2.478897196649779,
        2.039430437167962,
        1.6200523486533769,
        0.9584530325585391
      ],
      "incidents": [
        7.979566230868922,
        3.9186734424521052,
        2.5693912499742724,
        1.6587704954854912,
        1.367029960577325,
        1.0241701873614208,
        0.9394779912787705,
        0.7119083599036704,
        0.4737937246212641,
        0.3451771181581484
      ]
    }
  }
}