{
  "predictors": [
    "health_inspection_rating",
    "staffing_rating",
    "quality_measure_rating",
    "total_nurse_hours_per_resident_per_day",
    "rn_hours_per_resident_per_day",
    "lpn_hours_per_resident_per_day",
    "cna_hours_per_resident_per_day",
    "weekend_nurse_hours_per_resident_per_day",
    "weekend_rn_hours_per_resident_per_day",
    "total_nurse_staff_turnover",
    "number_of_facility_reported_incidents",
    "number_of_substantiated_complaints",
    "number_of_certified_beds",
    "mds_410",
    "mds_479",
    "mds_451",
    "mds_430",
    "mds_404",
    "mds_434",
    "mds_406",
    "mds_480",
    "deficiency_severity_index",
    "deficiency_total_count",
    "facility_complaints_per_bed",
    "facility_incidents_per_bed",
    "state_complaints_per_bed",
    "state_incidents_per_bed"
  ],
  "weights": [
    0.027778,
    0.027778,
    0.027778,
    0.027778,
    0.027778,
    0.027778,
    0.027778,
    0.027778,
    0.027778,
    0.027778,
    0.027778,
    0.084604,
    0.027778,
    0.027778,
    0.072891,
    0.06047,
    0.027778,
    0.027778,
    0.027778,
    0.048878,
    0.027778,
    0.027778,
    0.027778,
    0.087201,
    0.062623,
    0.027778,
    0.027778
  ],
  "intercept": 0.18777,
  "slope": 0.637867,
  "scaling": {
    "p5": [
      1,
      1,
      1,
      2.84,
      0.24,
      0.34,
      1.62,
      2.47,
      0.14,
      24.027000000000005,
      0,
      0,
      37,
      0,
      1.03247095,
      4.245794,
      31.768354,
      0.67739225,
      0,
      0,
      5.039583400000001,
      10,
      5,
      0,
      0,
      0.009612780936907664,
      0.002494924540762664
    ],
    "p95": [
      5,
      5,
      5,
      5.43,
      1.4,
      1.41,
      3.33,
      4.83,
      1.04,
      71.14099999999999,
      9,
      27,
      201,
      7.692308,
      11.374783299999999,
      39.62740219999997,
      100,
      11.89490625,
      5.4652295499999894,
      4.626513399999999,
      33.52757344999999,
      139,
      69,
      0.25555555555555554,
      0.09565217391304348,
      0.14402769763416043,
      0.06119271879701864
    ]
  },
  "impute": {
    "health_inspection_rating": 3,
    "staffing_rating": 3,
    "quality_measure_rating": 4,
    "total_nurse_hours_per_resident_per_day": 3.67,
    "rn_hours_per_resident_per_day": 0.57,
    "lpn_hours_per_resident_per_day": 0.86,
    "cna_hours_per_resident_per_day": 2.21,
    "weekend_nurse_hours_per_resident_per_day": 3.24,
    "weekend_rn_hours_per_resident_per_day": 0.38,
    "total_nurse_staff_turnover": 46.34,
    "number_of_facility_reported_incidents": 0,
    "number_of_substantiated_complaints": 2,
    "number_of_certified_beds": 100,
    "mds_410": 2.898551,
    "mds_479": 4.8986295,
    "mds_451": 18.05561,
    "mds_430": 90.963855,
    "mds_404": 5.063291,
    "mds_434": 1.0441135,
    "mds_406": 0.6010759999999999,
    "mds_480": 21.603430000000003,
    "deficiency_severity_index": 45,
    "deficiency_total_count": 23,
    "facility_complaints_per_bed": 0.021739130434782608,
    "facility_incidents_per_bed": 0,
    "state_complaints_per_bed": 0.05139726857344811,
    "state_incidents_per_bed": 0.0154659902873581
  },
  "calibration": {
    "comp_p5": 0.23412559809110053,
    "comp_p95": 0.5325473329697922,
    "phi_p5": 0.2609,
    "phi_p95": 0.5865449999999999
  }
}